url,label
https://appsphantom.wixstudio.com/en-us,1
https://atimicc.wixstudio.com/eng-us,1
https://webledgerlive.wixstudio.com/en-us,1
https://live-enledgr.wixstudio.com/en-us,1
https://allegrolokalnie.pl-9853-oferta.click/sprzedam-drona-dji-mini-4-pro/58554,1
https://tinyurl.com/Shopee15-user,1
https://zodrtnbt.com/,1
https://zonebigmot.com/,1
https://logi32-mrelay.pro/,1
https://logi32-mrelay.pro/as.php,1
https://bpdirecto.top/,1
https://alegrolokalnie.pl-6478953.cfd/oferta/laptop-gamingowy-msi-vector-16-hx-16-intel-core-ultra-7-i7-255hx-rtx-5070-ti-16gb-512gb-jak-nowy-82a4e363,1
https://allegrolokalnie.pl-6969.lol/oferta/Hulajnoga-elektryczna-Kukirin-G4-2024/783554787,1
https://poupamais-pt.cfd/pts,1
https://platforms-ldgrwallt.wixstudio.com/us-en,1
https://official-ledgrlive.wixstudio.com/us-en,1
https://live-eng-laddgeer.framer.media/wallet,1
https://live-eng-laddgeer.framer.media/eng-start,1
https://leedgr-live.framer.media/enus,1
https://allegro.9g8834734.sbs/,1
http://allegro.9g8834734.sbs/,1
https://espressobot.gitbook.io/espressobot-docs,1
http://espressobot.gitbook.io,1
https://adc.shopmasterys.shop/?user_id=M2jds5uUj9skO0pwl1Mnc3vGd7fer8wt&amp;customer_id=qx0134dy33d61-zm721epe2j03e-oa565tsv37907,1
https://ledgeerliv.framer.media/ledgr,1
https://live-ldger.framer.wiki/us,1
https://auths-livelgr-eng.framer.ai/faqs,1
https://leddger-strt-en.framer.media/,1
https://officialpage-leger-io.framer.media/,1
https://homepage-startin.wixstudio.com/en-us,1
https://learn-en-bridge.wixstudio.com/us-en,1
https://en-desktop-ldgre.framer.media/,1
https://lder-live-apps.framer.media/,1
https://ledgr-live-begin.framer.ai/en-us,1
https://fundodeupgrade.s3.us-east-005.backblazeb2.com/aumento.html,1
https://malkmarinemlardimalaifuke-3337.twil.io/dkbse.html,1
https://new-bridge-us.wixstudio.com/us-en,1
https://update-bridge.wixstudio.com/get-bridge,1
https://trezointro.wixstudio.com/bridge-en,1
https://usersbridge.wixstudio.com/us-en,1
https://introducing-bridge.wixstudio.com/us-en,1
https://trezointro.wixstudio.com/bridge,1
https://trzzor.wixstudio.com/en-us,1
https://begin-suiteapp.wixstudio.com/connect,1
https://trzorsui-tes.wixstudio.com/us-en,1
https://begin-suiteapp.wixstudio.com/en-us,1
https://deskop-learn-en.wixstudio.com/en-us,1
https://ledge-constart.wixstudio.com/us-en,1
https://webexcede.wixstudio.com/start,1
https://webatomic-ext.wixstudio.com/us-en,1
https://trezosuites-trezo.wixstudio.com/en-us,1
https://us-desktop-eng.wixstudio.com/live,1
https://beginstart-com.wixstudio.com/en-us,1
https://liveintro.wixstudio.com/en-desktop,1
https://bridges-install.wixstudio.com/en-us,1
https://global-suiteapp.wixstudio.com/home,1
https://iostart-ledgr.wixstudio.com/en-us,1
https://beitt-get.wixstudio.com/us-en,1
https://started-atmicio.wixstudio.com/en-us,1
https://get-started-en-us.wixstudio.com/us-en,1
https://get-starts.framer.media/start-live-desktop,1
http://allegro.pl895894231.cfd,1
https://serv1usuarcorreioosrr7c9-ptptpt.vercel.app/#a@sapo.pt,1
https://srfgsre6.lat/zmoyslfl/1YbAn3/RzH53y,1
https://8wjet5fe.lat/zmoyslfl/1YbAn3/RzH53y,1
https://6wgerrtr.lat/zmoyslfl/1YbAn3/RzH53y,1
https://bunwo.xyz/zmoyslfl/1YbAn3/RzH53y,1
https://8wh35te.lat/zmoyslfl/1YbAn3/RzH53y,1
https://oauth---apps--sso---kucoin.webflow.io/,1
https://8wje76d.lat/zmoyslfl/1YbAn3/RzH53y,1
http://allegro.pl-oferta927352.online,1
https://893nwet.lat/zmoyslfl/1YbAn3/RzH53y,1
https://iclouduser.duckdns.org/,1
https://7whd5gds.lat/zmoyslfl/1YbAn3/RzH53y,1
http://allegrolokalnie.pl-oferta927352.online,1
https://76637363.xyz/zmoyslfl/1YbAn3/RzH53y,1
https://6wg5wfe.lat/zmoyslfl/1YbAn3/RzH53y,1
https://ipfs.io/ipfs/bafkreiapixvmsesvthds3tgvymthhf2evwz7mku3viirxpnb2dbqz5jnui,1
https://6ege5e.lat/zmoyslfl/1YbAn3/RzH53y,1
https://lder-live-apps.framer.media/eng,1
https://ledgeerliv.framer.media/,1
https://auths-livelgr-eng.framer.ai/eng,1
https://support-ledggerlive.framer.media/live-enus,1
https://auths-livelgr-eng.framer.ai/public,1
https://63trfw4.lat/zmoyslfl/1YbAn3/RzH53y,1
https://openledgerstated.framer.media/en-live,1
https://service-desktop-live.framer.media/,1
https://leadgr-desktop.framer.media/live,1
https://ledgr-fixstrt.framer.media/io-live,1
https://ledgger-fix-live.framer.media/io-live,1
https://nddaxxloggin.webflow.io/,1
https://2yg63e.lat/zmoyslfl/1YbAn3/RzH53y,1
http://docusign-document-8cfe9c.netlify.app,1
https://docusign-document-8cfe9c.netlify.app/,1
https://1hgyt26w.lat/zmoyslfl/1YbAn3/RzH53y,1
https://0wnde6df.lat/zmoyslfl/1YbAn3/RzH53y,1
http://mitamxsklogun.gitbook.io,1
https://mitamxsklogun.gitbook.io/us,1
https://semneartemis.ro/ribes/,1
https://club-italiano.com/web/,1
https://club-italiano.com/web/pages/,1
https://club-italiano.com/web/pages/login.php,1
https://hub-ledgeerlive.framer.media/us-en,1
https://auths-livelgr-eng.framer.ai/en-us,1
https://hub-ledgeerlive.framer.media/enus,1
https://en-livelgr-en-learn.framer.ai/start,1
https://liive-ledgar-en.framer.media/us-en,1
https://ledgarlive.framer.media/get-started,1
https://liveusdesktop.framer.ai/en-us,1
https://ldgerlive.framer.ai/,1
https://appledgerlive.framer.media/us-en,1
https://get-ledgeer-live.framer.media/,1
https://trezoors-user.wixstudio.com/appstart,1
https://trazorstart.wixstudio.com/hardware,1
https://bridge-hub-trez.wixstudio.com/bridge-en,1
https://ledgr-liveapp.framer.media/en,1
http://novelaevm.netlify.app,1
https://novelaevm.netlify.app/,1
http://allegro.oferta-84884848pl.click,1
https://allegro.pl-oferta78217842.sbs,1
http://allegrolokalnie.oferta-84239232-pl.click,1
http://allegro.oferta-84239232-pl.click,1
https://busao-passagens.vercel.app/,1
http://allegrolokalnie.pl-oferta78217842.sbs,1
https://zibb.acces448216.pro/,1
https://zibb.acces448216.pro/captcha.php,1
https://nassab.acces448216.pro/,1
https://nassab.acces448216.pro/captcha.php,1
https://hamir.acces448216.pro/,1
https://hamir.acces448216.pro/captcha.php,1
http://kiciuonlogxn.gitbook.io,1
https://kiciuonlogxn.gitbook.io/us,1
https://massoud.acces448216.pro/,1
https://massoud.acces448216.pro/captcha.php,1
https://the-trezor-suite.gitbook.io/us,1
http://the-trezor-suite.gitbook.io,1
https://qwesadxsew.weebly.com/,1
https://sites.google.com/view/dopeboi/home,1
https://weedamlil.ouedgen.im/weeklyet/login.php,1
https://othconnecservice.myclickfunnels.com/appde?id=AD7YXWLFI,1
https://fantastixf.blogspot.com/,1
https://alfa-production-1ab8.up.railway.app/,1
https://houssama.acces448216.pro/,1
https://houssama.acces448216.pro/captcha.php,1
https://www.acces448216.pro/,1
https://www.acces448216.pro/captcha.php,1
https://super-vacherin-92c401.netlify.app/,1
https://s3.ap-south-1.amazonaws.com/holdings-transfer-2021/CqfXwSnIGWl72a?em=redacted@abuse.ionos.com,1
https://paczka.subyje.shop/payment/106e8b2114c0/millennium,1
https://moja-paczka.guheh.icu/payment/106e8b2114c0/millennium,1
https://poczta.libert.icu/payment/106e8b2114c0/millennium,1
https://olx-pl.kolgera.shop/payment/106e8b2114c0/millennium,1
https://olx-pl.hyterg.shop/payment/106e8b2114c0/millennium,1
http://allegrolokalnie.134083.click,1
https://bemvindonu.s3.us-east-005.backblazeb2.com/aumento.html,1
https://user-login-are-clienti2087837176.anti-calcaire-magnetique.com/Soo/681854ec1ca43de1686347c03a9e6a4c/?AUTH_TOKEN=1a2c85f729fb068d2a054febe0c534ac&amp;cur=home,1
https://dev-gilbertelavender.pantheonsite.io/wp-admin/btx/posto.php,1
https://user-login-are-clienti2087837176.anti-calcaire-magnetique.com/Soo/681854ec1ca43de1686347c03a9e6a4c/?681854ec1ca43de1686347c03a9e6a4c=IxPLZ2FqVHj&amp;AUTH_TOKEN,1
https://user-login-are-clienti2087837176.anti-calcaire-magnetique.com/Soo/?msiejiu=8298828,1
https://bafkreifsevrhhdmmw6g6yfktfsnt2y3hr3y2x74fhhxi7uvg3mkmaroaaa.ipfs.dweb.link/,1
https://is.gd/hfhFmx,1
https://service09302-g811.live/ipko-CCSlcmeSqFnIY1G3TbsrlxWtGrrsPb/,1
https://0nlinedocurnentaccess.envirotrustsecure.de/iwkHS/,1
https://p-relay.pro/,1
https://p-relay.pro/74946779,1
http://allegrolokalnie.pl-oferta2228210.click,1
http://allegrolokalnie.pl-038.cfd,1
http://allegrolokalnie.pl-oferta926212.click,1
http://allegrolokalnie.oferta1044814.rest,1
http://allegrolokalnie.pl-oferta9385629.click,1
http://allegrolokalnie.oglo57812512.click,1
http://allegrolokalnie.oferta395.click,1
http://allegrolokalnie.pl-ogloszenie9384323147.click,1
http://allegrolokalnie.pl-ogloszenie5982334192.click,1
http://allegrolokalnie.pl-oferta7278713.click,1
http://allegrolokalnie.pl-oferta394729.click,1
http://allegrolokalnie.pl-871385.cfd,1
https://rcomunicacion.com/,1
https://rcomunicacion.com/index.html,1
https://ameli-espace-controle.com/,1
https://ameli-espace-controle.com/?useremail=,1
https://guest-control.info/p/1700288923,1
https://kidsoncocare.com/dk,1
https://kidsoncocare.com/dk/,1
https://inquisitive-brigadeiros-a801ff.netlify.app/,1
https://kidsoncocare.com/dk/index.html,1
https://kidsoncocare.com/dk/index.html#,1
https://kidsoncocare.com/dk/index.html#info@mup.cz,1
https://161-35-72-148.cprapid.com/dpd/update.php?p8oseizvnxqjzux0ltrz,1
https://ykjure.com/E6xXOEM4Ui,1
http://allegrolokalnie.pl121960721.cfd/oferta/sprzedam-romet-pony/06300?fbclid=iwy2xjawrc4h5lehrua2flbqixmabicmlketbivuroawrwcnhdmgjzcldvc3j0ywzhchbfawqqmjiymdm5mtc4odiwmdg5mgabhqu9izgknjqzfqls0iow8cjknbwbc7isnaiwqzwordasxiisv6v59s2xnqlz_aem_smy78njt8fgjzavf3qeaig,1
http://allegro-lokalnie.pl-45901240.lol/,1
http://allegro-lokalnie.pl-5910240142.lol/,1
https://xtfldyds.sparkasse.website/,1
https://wrtvqxidkqj.sparkasse.website/,1
https://ofbpnausbfhj.sparkasse.website/,1
https://fgfjgpcdq.sparkasse.website/,1
https://kwakpiozoqmi.sparkasse.website/,1
https://bmffjtguqx.sparkasse.website/,1
https://jp.voteg6z3.baby/art?id=10001&amp;vid=,1
https://www.google.com,0
https://www.bbc.co.uk,0
https://www.microsoft.com,0
https://www.apple.com,0
https://www.amazon.co.uk,0
https://www.gov.uk,0
https://www.nhs.uk,0
https://www.linkedin.com,0
https://www.github.com,0
https://www.stackoverflow.com,0
https://www.netflix.com,0
https://www.facebook.com,0
https://www.instagram.com,0
https://www.twitter.com,0
https://www.reddit.com,0
https://www.paypal.com,0
https://www.hsbc.co.uk,0
https://www.barclays.co.uk,0
https://www.nationwide.co.uk,0
https://www.santander.co.uk,0
https://accounts.google.com/signin,0
https://login.live.com,0
https://support.microsoft.com/en-gb/account-billing,0
https://www.amazon.co.uk/gp/help/customer/display.html,0
https://portal.office.com,0
https://drive.google.com,0
https://outlook.live.com,0
https://www.paypal.com/uk/signin,0
https://secure.hsbc.co.uk/login,0
https://www.barclays.co.uk/digital-banking/,0
https://www.nhs.uk/conditions/coronavirus-covid-19/,0
https://www.linkedin.com/jobs/search/,0
https://www.instagram.com/accounts/login/,0
https://www.facebook.com/settings,0
https://aws.amazon.com/console,0
https://dropbox.com/login,0
https://www.gov.uk/apply-passport,0
https://www.bbc.co.uk/news/technology-123456,0
https://www.nationwide.co.uk/products/current-accounts,0
https://www.santander.co.uk/personal/support,0
